Section,Content
Report ID,1784848308506
Title,AI Analysis Report
Summary,"Here are some of the latest AI news highlights:

- AI continues to advance rapidly in areas like machine learning, deep learning, and enterprise applications.
- Companies are investing heavily in AI technology, driving innovation in products and services.
- Ethical concerns and regulations around AI are gaining more attention globally.
- New AI models and tools are being developed to improve automation and decision-making.
- AI is impacting many industries, including healthcare, finance, and manufacturing.

If you want detailed daily updates, you can follow sources like Artificial Intelligence News, TechCrunch AI section, Reuters AI news, or subscribe to AI Weekly for curated stories.

Let me know if you want news on a specific AI topic or industry!"
Analysis,"Here are some of the latest AI news highlights:

- AI continues to advance rapidly in areas like machine learning, deep learning, and enterprise applications.
- Companies are investing heavily in AI technology, driving innovation in products and services.
- Ethical concerns and regulations around AI are gaining more attention globally.
- New AI models and tools are being developed to improve automation and decision-making.
- AI is impacting many industries, including healthcare, finance, and manufacturing.

If you want detailed daily updates, you can follow sources like Artificial Intelligence News, TechCrunch AI section, Reuters AI news, or subscribe to AI Weekly for curated stories.

Let me know if you want news on a specific AI topic or industry!"
Recommendations,"
• Verify important information using official sources.

• Review AI-generated content before making important decisions.

• Cross-check facts from multiple trusted sources.

• Continue monitoring this topic because information may change.
"
Sources,https://news.google.com | https://www.reuters.com | https://apnews.com
